{"cameraMode":{"drawMode":0,"name":"Shaded","section":"Shading Mode"},"sceneLighting":false,"audioPlay":false,"sceneViewState":{"m_AlwaysRefresh":false,"showFog":true,"showSkybox":false,"showFlares":true,"showImageEffects":true,"showParticleSystems":true,"showVisualEffectGraphs":true,"m_FxEnabled":true},"in2DMode":false,"pivot":{"x":-384.335693359375,"y":69.08056640625,"z":-2.7599611282348635},"rotation":{"x":0.30210423469543459,"y":-0.0014295672299340368,"z":0.0004532287421170622,"w":0.9532783627510071},"size":11.541319847106934,"orthographic":false}